,температура,тұздылық,pH,кіру_қысымы,шығыс_қысымы,энергия_шығыны,операциялық_шығын
температура,1.0,0.673571176931418,-0.19508785249137944,0.030327133374109742,0.7076142934387315,0.29954498178973066,0.30252370521433847
тұздылық,0.673571176931418,1.0,-0.22804963847726023,0.013451903048650007,0.8220042060568467,0.33382302936095815,0.3347137790826416
pH,-0.19508785249137944,-0.22804963847726023,1.0,0.023014107854827184,-0.25999157616623797,-0.12023515610446753,-0.10372121746591213
кіру_қысымы,0.030327133374109742,0.013451903048650007,0.023014107854827184,1.0,0.044490570353739316,0.3939200948929378,0.370230638405416
шығыс_қысымы,0.7076142934387315,0.8220042060568467,-0.25999157616623797,0.044490570353739316,1.0,0.37288934296162857,0.3692698910598766
энергия_шығыны,0.29954498178973066,0.33382302936095815,-0.12023515610446753,0.3939200948929378,0.37288934296162857,1.0,0.9627432121360798
операциялық_шығын,0.30252370521433847,0.3347137790826416,-0.10372121746591213,0.370230638405416,0.3692698910598766,0.9627432121360798,1.0
